index,id,name,title,author,url,created,ups,score,num_comments
0,alv17h,t3_alv17h,Got banned from 4chan and now I don't have anywhere to go to get bullied. It's been a week since someone told me to kill myself and I'm getting too uppity. I'm a full-time meme painter and I smell like I look.,watchpaintdrytv,https://i.redd.it/iuev0pdeytd21.jpg,1549002115,19065,19065,2600
1,alss71,t3_alss71,"Friend thinks,his good looks make him immune to getting roasted. Bombs away!",manwithnoproblems,https://i.redd.it/zyz31e1u1td21.jpg,1548989478,390,390,453
2,alv5tx,t3_alv5tx,"After seeing the russian kid post, i figure u guys need someone to take your anger out. Lets hear what you got",robleejake,https://i.redd.it/fqydwpjm5ud21.jpg,1549002857,249,249,140
3,alv7ox,t3_alv7ox,Jaw boy is back and this time its personal,AlphaWalrus2,https://i.redd.it/ijgovu9c6ud21.jpg,1549003165,186,186,256
4,alstdw,t3_alstdw,"Uneventful birthday so far, thought I‚Äôd kill two birds with one stone.",NullR4Z0R,https://i.redd.it/hgdl9yqd2td21.jpg,1548989659,165,165,149
5,am1d7a,t3_am1d7a,"Fairly successful (21 M), just finished building my own home and am a fully qualified Baker at age 19. Kids on the block call me FIGJAM, bet you can't take down this powerhouse of win.",Regi3Au,https://i.redd.it/t2643k0v6yd21.jpg,1549051706,154,154,276
6,alwd85,t3_alwd85,Roast my coworkers,Kileta_,https://i.redd.it/t6iequ3luud21.jpg,1549011251,70,70,153
7,alv3v1,t3_alv3v1,Come on then Reddit -toast me and do your worst,sloane97,https://i.redd.it/r82x0mbp4ud21.jpg,1549002548,61,61,96
8,alvhne,t3_alvhne,"With sub-zero temps in the Midwest, I think it‚Äôs time for a good roast, thaw me out Reddit!",Mehronidas,https://i.redd.it/ytgki9d9bud21.jpg,1549004758,52,52,138
9,alslsj,t3_alslsj,"17 year old conservative cuck, roast away",scumfuck_fagboi,https://i.redd.it/crrnms1zysd21.jpg,1548988516,50,50,111
10,alr40g,t3_alr40g,"My friend (16) He sees no problem in stealing posts from reddit and posting them on other sites, please make him suffer.",SecretTruthSeeker,https://i.redd.it/2z8dzak0asd21.jpg,1548980421,47,47,63
11,altowh,t3_altowh,law student pls roast me,tomosrhys,https://i.redd.it/5a24hq3ygtd21.jpg,1548994563,45,45,108
12,alyjbx,t3_alyjbx,"18 year old Music major drop out, I don‚Äôt understand reddit, so having I‚Äôm my boyfriends roommate do this for me.",Colecain82,https://i.redd.it/zwhm7z0a2wd21.jpg,1549025945,41,41,113
13,alvlm5,t3_alvlm5,"22 living in shithole Serbia, failing med school, almost a virgin and socially awkard. Make me hate myself",strelok996,https://i.redd.it/aeqandsxcud21.jpg,1549005394,37,37,80
14,alv7qg,t3_alv7qg,Two 21 year old broke college students. Give us everything ya got!,blezzy,https://i.redd.it/1wwi5h8k6ud21.jpg,1549003173,33,33,79
15,alwd1g,t3_alwd1g,Roast me my dudes!,kolloxylin,https://i.redd.it/7rcia28guud21.jpg,1549011211,37,37,98
16,alv10j,t3_alv10j,I need something to tell my therapist ü§∑‚Äç‚ôÇÔ∏è,CsMaynard,https://i.redd.it/n97gfxqb3ud21.jpg,1549002083,29,29,47
17,alrgb9,t3_alrgb9,"Her confidence is low, make it lower",Chronos_Mr,https://i.redd.it/00miltzfgsd21.jpg,1548982283,29,29,75
18,am1qvs,t3_am1qvs,"‚ÄòThe milkybar kid‚Äô, 18 - do your worst",rubye0,https://i.redd.it/vnzq2v9qfyd21.jpg,1549054683,35,35,77
19,am1pcf,t3_am1pcf,"My Dad left right after I was born, I just want to know why!",orrgold,https://i.redd.it/r099orvqeyd21.jpg,1549054354,32,32,46
20,alvmfq,t3_alvmfq,"Can't sleep, starting new job tomorrow, here goes nothing.",irendansletrain,https://i.redd.it/j8fdni0ldud21.jpg,1549005534,25,25,145
21,alwpes,t3_alwpes,24. Beer delivery driver. Tinder and hair gel enthusiast. Do your worst.,Bow_Votive23,https://i.redd.it/hslenuj21vd21.jpg,1549013436,23,23,51
22,alv880,t3_alv880,"21, moved across the country to start over. I have no friends. Roast me",BisexualRedneck,https://i.redd.it/ymbqj02s6ud21.jpg,1549003246,24,24,98
23,alvdc8,t3_alvdc8,I doubt y'all could [m]ake me feel worse,6.11143E+16,https://i.redd.it/p7tn3p299ud21.jpg,1549004077,21,21,148
24,alxtac,t3_alxtac,Round two. Roast me harder,LordStorm456,https://i.redd.it/x7hovklzmvd21.jpg,1549020802,18,18,69
25,am120c,t3_am120c,"23yo, Software developer, do your worst",0GtheDamager,https://i.redd.it/n713dp6uyxd21.jpg,1549049007,16,16,60
26,am1u3u,t3_am1u3u,"Just turned 16 and just some information about me: weeb, no gf since ever, only male friends",KevinToJo,https://i.redd.it/cjdh2srohyd21.jpg,1549055342,27,27,55
27,alud6j,t3_alud6j,Has been called a ‚Äúnarcissistic sociopath.‚Äù I think you guys can do better,wanky7,https://i.redd.it/fp6e4lr4std21.jpg,1548998319,17,17,22
28,alr7i4,t3_alr7i4,My rich friend thinks hes too handsome to be roasted,Gott1234,https://i.redd.it/4kd46z6dcsd21.jpg,1548980972,16,16,65
29,am1v4t,t3_am1v4t,"18yrs old, virgin, real life Humpty Dumpty. 110kg. Roast me like a roasted pig.",Jess_Luca,https://i.redd.it/g1cmv6daiyd21.jpg,1549055544,21,21,84
30,alsdp6,t3_alsdp6,Turning twenty in a few days. Do your worst.,RaptusCZ,https://i.redd.it/9t77rh6avsd21.jpg,1548987300,16,16,50
31,am13ny,t3_am13ny,"Hi, He‚Äôs 18 and really socially awkward and wants his ego knocked!",ethqNz,https://i.redd.it/0dbplf220yd21.jpg,1549049419,16,16,25
32,alydmd,t3_alydmd,"Destroy me, I deserve it.",BlanketLyndon,https://i.redd.it/tx2a10toyvd21.jpg,1549024737,13,13,57
33,alxz82,t3_alxz82,I interrupted his lunch for this so make it good,tatoday8925,https://i.redd.it/yc1ol4j6qvd21.jpg,1549021880,16,16,27
34,alv44p,t3_alv44p,"Exhausted physically, now how about mentally? Ruin my night, Reddit.",GryphTheGreat,https://i.redd.it/bsr2bt2t4ud21.jpg,1549002588,12,12,33
35,am0ufq,t3_am0ufq,"18 years old, ready for my self esteem to be irradiated.",MountainRangePumper,https://i.redd.it/hg8cuyzwsxd21.jpg,1549047014,16,16,50
36,am0lez,t3_am0lez,19yo australian. Got fired today because I had a panic attack fueled by social anxiety when being forced to improv with strangers who didn‚Äôt want to talk to me üåù,lordlyegg,https://i.redd.it/sodru5ihlxd21.jpg,1549044524,17,17,58
37,alrn2k,t3_alrn2k,"art student from norway, clown edition. roast me",sofuus,https://i.redd.it/bd806c8kjsd21.jpg,1548983330,13,13,57
38,alxd13,t3_alxd13,hey im a 19 year old canadian ginger roast me,cherrybabebomb,https://i.redd.it/9ju7e0k4evd21.jpg,1549017823,14,14,50
39,alxa0z,t3_alxa0z,"18 f, thought this could be funny",Damirockchick,https://i.redd.it/8siv5b0ecvd21.jpg,1549017239,11,11,26
40,alw954,t3_alw954,She says yall cant hurt her. Good luck.,jason0824,https://i.redd.it/g60ykfxgsud21.jpg,1549010543,10,10,23
41,alrfip,t3_alrfip,Please Ignore my Handwriting...,Meanie_Cat,https://i.redd.it/wc075pwzesd21.jpg,1548982167,11,11,38
42,alrfgw,t3_alrfgw,Am I doing this right?,gamenooberx,https://i.redd.it/83gon0e2gsd21.jpg,1548982159,12,12,46
43,alr4uf,t3_alr4uf,"16 year old Hungarian beatboxer, with many language exams. Roast me",hintabentebetekinte,https://i.redd.it/3j2h1agabsd21.jpg,1548980552,11,11,26
44,am1u3t,t3_am1u3t,Roast my ass back to Pakistan,VAKG,https://i.redd.it/pvxnh9qohyd21.jpg,1549055342,11,11,30
45,am09qp,t3_am09qp,"Bet ya can‚Äôt roast me you, you rat fucks!!",benisjamin11,https://i.redd.it/dn4g4w7obxd21.jpg,1549041224,11,11,39
46,alvi8c,t3_alvi8c,He looks good. Roast him pls,rejishdahal01,https://i.redd.it/7rzc8wpkbud21.jpg,1549004858,10,10,60
47,alvfg1,t3_alvfg1,"6ft tall and looking to be knocked down a few inches, Reddit do your worst.",AsherXD,https://i.redd.it/6ghlxun9aud21.jpg,1549004420,10,10,40
48,alvedd,t3_alvedd,It's his birthday today. Gift him some good roasts.,kamafyd,https://i.redd.it/gg7fm3gq9ud21.jpg,1549004240,11,11,38
49,alv4f6,t3_alv4f6,Roast this egg,Wyrat,https://i.redd.it/jgt6payy4ud21.jpg,1549002637,10,10,25
50,am1fp5,t3_am1fp5,"18yo, a dwarf of 1,49cm who majors in psychology. Also, recently dyed my hair and i love it but go on, try to ruin my day more than my conservative family can",meli172804,https://i.redd.it/tx0to6cg8yd21.jpg,1549052237,10,10,34
51,am0rqc,t3_am0rqc,Let me have it,Caitl1nx,https://i.redd.it/c5068w4rqxd21.jpg,1549046285,11,11,60
52,alwdug,t3_alwdug,Let‚Äôs hear it,gingerbinger_,https://i.redd.it/6zztcfzruud21.jpg,1549011366,11,11,37
53,am12ys,t3_am12ys,"Hi all, He‚Äôs a gaming nerd for Lithuania please roast (plays League of Legends, Overwatch &amp; CS:GO) 18 years old!",ethqNz,https://i.redd.it/2rwhv2ojzxd21.jpg,1549049242,9,9,16
54,am11a3,t3_am11a3,Soldier from Czech republic really wants to be roasted. üòé,kubajss4,https://i.redd.it/cyaq7jm7yxd21.jpg,1549048818,7,7,25
55,am0yt9,t3_am0yt9,Go hard,bot-420,https://i.redd.it/6445zwsdwxd21.jpg,1549048176,7,7,45
56,am0swm,t3_am0swm,"Hanging at work, Roast me and my headset hair.",SirrahGreed,https://i.redd.it/z22sfh4qrxd21.jpg,1549046615,7,7,23
57,am0g1r,t3_am0g1r,I got in trouble with a total stranger today so roast away,Patrickthebrave91,https://i.redd.it/xoehxyq4hxd21.jpg,1549043048,9,9,30
58,am06qr,t3_am06qr,Woke up very excited 'cause I'm going home to see my dog a my cat. Now ruin my day please.,m00dtrbl,https://i.redd.it/nomzfz899xd21.jpg,1549040400,8,8,39
59,alyh4g,t3_alyh4g,Trying to see how much emotional battery I can take before having an existential crisis. Hit me with the best y'all got.,BrandonIruz,https://i.redd.it/g2dws9sn0wd21.jpg,1549025476,7,7,42
60,alvsqe,t3_alvsqe,"16 y/o with low self esteem, make it lower:)",toxicrelationshipp,https://i.redd.it/chx1jh71kud21.jpg,1549007711,7,7,65
61,alt1ol,t3_alt1ol,16/M Stoner. Give him your worst.,SpoopyTater42,https://i.redd.it/0tyjyniv5td21.jpg,1548990886,9,9,15
62,am2a21,t3_am2a21,"He‚Äôs 22, it‚Äôs his birthday and he‚Äôs still a virgin",EUB00,https://i.redd.it/ectpqa13ryd21.jpg,1549058511,12,12,26
63,am1u4i,t3_am1u4i,"19 yo, IT specialist, are you dank enough.",Brooinator,https://i.redd.it/6tji2pcphyd21.jpg,1549055347,5,5,36
64,alyj9o,t3_alyj9o,"Both film majors, one or both also in denial.",Leedlay,https://i.redd.it/2wu3jkk82wd21.jpg,1549025932,8,8,47
65,alyhlv,t3_alyhlv,My roommate just came out of the closet. Give him a reason to go back in.,Eutandorf,https://i.redd.it/9nmu6qf61wd21.jpg,1549025577,8,8,47
66,alyhgt,t3_alyhgt,He finally said yes and this is what i got,crazy12157,https://i.redd.it/xu37qah11wd21.jpg,1549025547,6,6,43
67,alxlzh,t3_alxlzh,Be mean. I need to be taken down a peg,roodadootdootdo,https://i.redd.it/4ajpreyzivd21.jpg,1549019464,7,7,63
68,alxdfs,t3_alxdfs,Give us a reason to not have sex with each other,BioDieselDog,https://i.redd.it/ismri52cevd21.jpg,1549017894,8,8,55
69,alxaet,t3_alxaet,"Roast away... old, fat, ugly, and a tranny. Let me know your real feels about things like me.",[deleted],https://i.redd.it/xjucaupecvd21.jpg,1549017317,7,7,21
70,alx4po,t3_alx4po,My friend is 19 years old and virgin. He likes to roast so I wonder if he can endure being roasted. Do your worst guys.,geo_gui,https://i.redd.it/ctpiv5nc9vd21.jpg,1549016218,7,7,18
71,alx4ov,t3_alx4ov,I'm a real life rockstar. But I wont tell you which band. Im single ladies. Roast me,thegreattailz,https://i.redd.it/coee96i69vd21.jpg,1549016214,5,5,41
72,alwh0m,t3_alwh0m,"23/m, got kicked out of my moms house, bisexual, drink by myself, and have ADHD.... Have at it!",Frenchers69,https://i.redd.it/7mcbxhhlwud21.jpg,1549011927,7,7,10
73,alw9wv,t3_alw9wv,"Seriously Roast me, don't think I've ever had a proper human interaction.",Re3Eee3e,https://i.redd.it/bfmrpqfwsud21.jpg,1549010685,7,7,23
74,alvvuv,t3_alvvuv,I‚Äôm 27 minutes in Heaven. Can you roast me to Hell?,veryconcernedDad25,https://i.redd.it/kvtz82nvlud21.jpg,1549008333,7,7,33
75,alvc4b,t3_alvc4b,19/M with crippling insecurity. Do your worst lmao,bornlax,https://i.redd.it/7kiuc9wn8ud21.jpg,1549003878,9,9,40
76,alu7np,t3_alu7np,"Don't hold back, my dad never does.",Amazingriley12,https://i.redd.it/idme4n0mptd21.jpg,1548997473,7,7,18
77,alu17c,t3_alu17c,"26 year old in mid 20‚Äôs crisis, about to move to Australia roast me before the sun does",tj100101,https://i.redd.it/zzsa6dlmmtd21.jpg,1548996485,8,8,20
78,althlg,t3_althlg,My friend thinks that none of you can hurt his feelings...prove him wrong,akm9,https://i.redd.it/5j1z68rldtd21.jpg,1548993437,8,8,14
79,altdvw,t3_altdvw,This kid got into a fistfight over a cookie and lost. Destroy his ass a second time.,Viaggi0,https://i.redd.it/1ok09dqvbtd21.jpg,1548992856,8,8,17
80,alrgho,t3_alrgho,Bring it on biatches. Roast me or your mom's gay :),utk47,https://i.redd.it/ob8q2tsigsd21.jpg,1548982310,6,6,63
81,alrc2m,t3_alrc2m,"M/18 full time stoner, wannabe rapper with Lil in his name, from Germany, 6‚Äò3‚Äú and 133 lbs. let‚Äôs go",Fleeeeed,https://i.redd.it/ny817m7kesd21.jpg,1548981650,7,7,26
82,am1i1x,t3_am1i1x,Unphotogenic? Check. Wonton disregarding for getting dissed? Check. No idea how Reddit works? Check. Knock me down a peg or two.,Reaver_of_Souls,https://i.redd.it/rn8q9ocy9yd21.jpg,1549052740,5,5,14
83,am0lix,t3_am0lix,Two friends uploading at the same time - don‚Äôt let me off lightly but be sure to destroy /u/myroastaccount,myroastaccountJM,https://i.redd.it/hp6kx76mlxd21.jpg,1549044556,6,6,19
84,am09l9,t3_am09l9,He thinks he‚Äôs unroastable,MorganFreman,https://i.redd.it/7s1ixqxgbxd21.jpg,1549041181,6,6,30
85,alykb7,t3_alykb7,Eyed like too sea you‚Äôre lousy attempt at roosting me!,MidTierHero,https://i.redd.it/xrmbfvnt2wd21.jpg,1549026130,7,7,37
86,aly5fz,t3_aly5fz,Coupla roommates doin some work around the house...whatchu got reddit?,brokerpig,https://i.redd.it/2tqfazoptvd21.jpg,1549023064,5,5,27
87,alxtz7,t3_alxtz7,"Cringey high school child, pretty sure I‚Äôm about to get get broken up with, take my self esteem away please",NotSoGreatCourier,https://i.redd.it/46xppd1dnvd21.jpg,1549020930,7,7,28
88,alxis5,t3_alxis5,Go for it,hustwe,https://i.redd.it/b2gvymk8hvd21.jpg,1549018869,5,5,18
89,alxeuc,t3_alxeuc,None of you have what it takes to make me feel bad. I just read Chicken Soup For The Soul and I listen to Tony Robbins all the time.,OuterLimitsRadio,https://i.redd.it/880d9m7ydvd21.jpg,1549018144,7,7,21
90,alwwgu,t3_alwwgu,(24) Hi~ I'm going on vacation and haven't been bullied since high school! Give me what you got!,spectralilly,https://i.redd.it/ot0sc2zx4vd21.jpg,1549014736,7,7,50
91,alwvio,t3_alwvio,"My friend from Spain says she has so much confidence, you couldnt diss her if you tried.",BomberXL,https://i.redd.it/cr059zye4vd21.jpg,1549014558,7,7,27
92,alwjax,t3_alwjax,This 24y/o cunt says he's harder than you,THayes1994,https://i.redd.it/zl6pla7txud21.jpg,1549012339,5,5,41
93,alvu2d,t3_alvu2d,I'm back with more hair and the same amount of smug,ToastedToast15,https://i.redd.it/5ulff89zkud21.jpg,1549008021,5,5,16
94,alvpfg,t3_alvpfg,"Finally got my six pack and confidence back, take them away again.",Mickclick23,https://i.redd.it/p57gu03igud21.jpg,1549006530,7,7,16
95,alura1,t3_alura1,Round 2. Do your worst üòò,megrf,https://i.redd.it/l02vzetsytd21.jpg,1549000561,6,6,41
96,altpd5,t3_altpd5,It‚Äôs cold outside so warm me up with a good roast,11trobo,https://i.redd.it/4z572944htd21.jpg,1548994636,5,5,12
97,alt0hb,t3_alt0hb,Do your thing,Dux2807,https://i.redd.it/2yaifuwg5td21.jpg,1548990704,6,6,11
98,am2ajv,t3_am2ajv,Get him good,Leif_the_Theif,https://i.redd.it/cx40w3dcryd21.jpg,1549058593,5,5,38
99,am2ac3,t3_am2ac3,"Yes, I‚Äôm a ‚ÄúYouTuber‚Äù. Hey, at least I don‚Äôt do gaming. Roast me bichs.",kraze-elk,https://i.redd.it/99j9ujb8ryd21.jpg,1549058557,4,4,29
10,am27v0,t3_am27v0,Roast my friend,NyxiOW,https://i.redd.it/oj62i1iwpyd21.jpg,1549058105,6,6,33
11,am1uks,t3_am1uks,18yo highschooler,jm3142912,https://i.redd.it/17f41ivyhyd21.jpg,1549055436,6,6,14
12,am0lis,t3_am0lis,Two friends uploading at the same time - don‚Äôt let me off lightly but be sure to destroy /u/myroastaccountJM,myroastaccount,https://i.redd.it/459c7anllxd21.jpg,1549044554,5,5,12
13,alzvrz,t3_alzvrz,"I wake up every morning to get that bread, I just need the oven to bake it, roast me bitches",Borgardankclub,https://i.redd.it/7owh9qtuzwd21.jpg,1549037239,6,6,9
14,alzl4c,t3_alzl4c,Got told I was too pretentious... bring my ego down!,Roland_from_gilihad,https://i.redd.it/qzk6jenhrwd21.jpg,1549034428,5,5,16
15,alzl1d,t3_alzl1d,"19, diabetic, Kurdish and I play Runescape 14 hours a day, roast me.",ilayca,https://i.redd.it/snsdgv5frwd21.jpg,1549034408,5,5,13
16,alzk4d,t3_alzk4d,I'm a 19 year old graphic designer. Roast me.,sayyidadawg,https://i.redd.it/j86ewi9qqwd21.jpg,1549034170,4,4,20
17,alzgse,t3_alzgse,"My friend jusy said i looked like a mushroom, lets keep this train going. Pls roast me.",lowink,https://i.redd.it/srgdgusaowd21.jpg,1549033352,7,7,35
18,alxlzd,t3_alxlzd,roast away,OhNoMyPapaya,https://i.redd.it/x6gw7u70jvd21.jpg,1549019464,5,5,16
19,alxhzz,t3_alxhzz,Put me on the grill and leave me there for awhile.,smellsgiant,https://i.redd.it/j2bn9casgvd21.jpg,1549018726,5,5,20
20,alx852,t3_alx852,"I feel really, really good about myself lately. Let‚Äôs change that.",appleb3,https://i.redd.it/xowyqzcbbvd21.jpg,1549016877,4,4,18
21,alws0k,t3_alws0k,Roast Me and see if you can come up with something I haven‚Äôt heard before,Dunkersplay,https://i.redd.it/hm1gssbj2vd21.jpg,1549013926,5,5,32
22,alvc76,t3_alvc76,No one‚Äôs on par with me. No one can get under my skin.,Gongis10,https://i.redd.it/gqa8rgcp8ud21.jpg,1549003892,5,5,26
23,alvay2,t3_alvay2,Alright let‚Äôs go,asklol100,https://i.redd.it/5hxowwd28ud21.jpg,1549003683,4,4,29
24,alva0x,t3_alva0x,Do your worst,JuzNZ,https://i.imgur.com/X1QM3I4.jpg,1549003535,5,5,29
25,alv9x1,t3_alv9x1,21 Year old Theatre Major who is completely directionless in life. Also a part time Pok√©mon Master.... do your worst.,HydroChump,https://i.redd.it/bd4wma5l7ud21.jpg,1549003518,6,6,31
26,alurgb,t3_alurgb,"I've had a shit day today, see how you can make it worse! ( You can't)",ZoodiacBeast,https://i.redd.it/zit380uuytd21.jpg,1549000589,5,5,20
27,aluclm,t3_aluclm,17 y/o male who stays in his room all day after school. Go ahead.,7ien,https://i.redd.it/l53mknvurtd21.jpg,1548998227,4,4,23
28,altdau,t3_altdau,A little bit overweight 21 yo with social anxiety,kljole23,https://i.redd.it/fjsx1mmlbtd21.jpg,1548992761,4,4,23
29,alt9i0,t3_alt9i0,23 Engaged with a newborn daughter in Ohio. Happiest ive ever been. Come at me!,red5478,https://i.redd.it/5ly4y5vm9td21.jpg,1548992106,7,7,21
30,alstl2,t3_alstl2,"20/m, been working on myself for 3 years, want to put my resilience to the test, do your worst, lads",Stayhungry2901,https://i.redd.it/dw008pqg2td21.jpg,1548989688,6,6,8
31,alrxhs,t3_alrxhs,18/F It's too cold to go outside so I guess i'll stay inside and get roasted,Alchcoo,https://i.redd.it/qc3t2o16osd21.jpg,1548984886,5,5,23
32,am2ici,t3_am2ici,"Male 23, knock him down a peg.",abusetheraphael,https://i.redd.it/d898rgjfvyd21.jpg,1549059964,5,5,26
33,am22sw,t3_am22sw,"16 y/o genderfluid, pansexul who believes that you should raise your child genderless, that there's more than 2 genders and is going to he a high school english teacher",evielynn2002,https://i.redd.it/ixo9wb4xmyd21.jpg,1549057102,5,5,72
34,am0c7d,t3_am0c7d,You guys not nothing on me. Roast me if you can,pomnarain,https://i.redd.it/7yc3vsnrdxd21.jpg,1549041921,4,4,27
35,alzp2y,t3_alzp2y,Roast this guy,jpredk,https://i.redd.it/s7wxu1kguwd21.jpg,1549035432,3,3,16
36,alzjxk,t3_alzjxk,"18 year old male that played minecraft throughout my adolescent years, roast me.",DalekTech,https://i.redd.it/qh91z4tdqwd21.jpg,1549034117,4,4,11
37,alyfh1,t3_alyfh1,"Im still begging my ex to get back with me after two years , hit me with your best shot",rogerochoa,https://i.redd.it/8bq1gw4uzvd21.jpg,1549025124,3,3,45
38,alyeio,t3_alyeio,Roast me,xenabrown,https://i.redd.it/t0gahyt8zvd21.jpg,1549024924,5,5,38
39,aly07l,t3_aly07l,I play roblox for real,crazy12157,https://i.redd.it/7osrgwfoqvd21.jpg,1549022064,3,3,5
40,alxodr,t3_alxodr,Fuck you,chillaxbro2,https://i.redd.it/ao918yeckvd21.jpg,1549019917,4,4,27
41,alxnv3,t3_alxnv3,I held a girls hand once.,Dwoof69,https://imgur.com/a/WXipPSP,1549019811,4,4,10
42,alxdxv,t3_alxdxv,17 year old Italian on the edge. Destroy me,ShowerHand3l,https://i.redd.it/rnd5lqdkevd21.jpg,1549017986,4,4,21
43,alwuzh,t3_alwuzh,20 year old that can‚Äôt graduate cause he can‚Äôt read,Jafuckingmayo,https://i.redd.it/1ir20tq34vd21.jpg,1549014466,5,5,18
44,alwu92,t3_alwu92,"Sick in bed, need somn to laugh at",pyrocuck,https://i.redd.it/20dhfw5r3vd21.jpg,1549014335,4,4,8
45,alwqg4,t3_alwqg4,I work at a vape shop,sir_sticky_boi,https://i.redd.it/cy02iuzl1vd21.jpg,1549013619,2,2,42
46,alwq6b,t3_alwq6b,"Not to good at fortnite, I like math, and am a virgin, ""roast me"" as they say",jackatti,https://i.redd.it/z791gtih1vd21.jpg,1549013573,4,4,36
47,alwcdh,t3_alwcdh,18 year old early school leaver.,Trousel,https://i.redd.it/uhqiyw65uud21.jpg,1549011103,5,5,12
48,alw7mi,t3_alw7mi,Do your worst,Osm0se,https://i.redd.it/i35pbmtorud21.jpg,1549010276,5,5,9
49,alw1bl,t3_alw1bl,"My co-worker needs to be put in his place, can anyone help me do that?",ZRWJ,https://i.redd.it/un7l58yioud21.jpg,1549009215,4,4,24
50,alvz0i,t3_alvz0i,"Feeling good with new haircut, you guys wanna change that?",Tengoles,https://i.redd.it/dekzjg3enud21.jpg,1549008835,4,4,6
51,alvh6o,t3_alvh6o,18 year old girl who often gets mistaken for a 12 year old boy... roast me,Huffrlepluff,https://i.redd.it/r8cm99u1bud21.jpg,1549004685,3,3,30
52,alv98o,t3_alv98o,"Left is a vegan who still has baby teeth, the right is a carnist with a taste for big hairy men. Come.",JPenguinCushion,https://i.redd.it/1oiraav97ud21.jpg,1549003416,5,5,23
53,alv2ad,t3_alv2ad,"My roommates, two Acting Majors who were all too eager to pose for this. Do your worst.",Raptorisk,https://i.redd.it/qydl3ybx3ud21.jpg,1549002285,5,5,10
54,aluqi0,t3_aluqi0,"My high as fuck friend wonders, why he can't get a gf. Roast him.",bolcinoff,https://i.redd.it/si91thwfytd21.jpg,1549000443,4,4,10
55,altrxk,t3_altrxk,"27, huge gay, live in Mississippi, and I work in a factory. Surely you can roast my gap toothed ass.",ryan770,https://i.redd.it/57de6sgcitd21.jpg,1548995046,4,4,18
56,alszyn,t3_alszyn,17 Years of not being roasted. A developer needs a good chuckle. READ. THE. SIGN! Sign.RoastMe(BryceM),panthersdude2001,https://i.redd.it/tg89g52v3td21.jpg,1548990620,4,4,13
57,alsslo,t3_alsslo,"24 year old bio student, undergrad. Currently working at a grocery store. Go for it",Mora_Hermaeus,https://i.redd.it/h05lms912td21.jpg,1548989542,5,5,21
58,alsceh,t3_alsceh,"this is Reagan, he thinks can‚Äôt be roasted.",Cowfighter,https://i.redd.it/37jd86gqusd21.jpg,1548987113,4,4,18
59,alrv7w,t3_alrv7w,16.5 years old. Help me limit my ego.,Omega-Dragon,https://i.redd.it/0t87qo92nsd21.jpg,1548984553,4,4,24
60,alrap4,t3_alrap4,"Cannot be roasted, never been roasted before. Try me!",Mean_Car,https://i.redd.it/5k29cvhtdsd21.jpg,1548981441,4,4,25
61,am1sfy,t3_am1sfy,Just do something,jaejeoodso,https://i.redd.it/qbkfiatpgyd21.jpg,1549055015,4,4,16
62,am0qua,t3_am0qua,"Bored at work, have a crack.",AlligatorCannon,https://i.redd.it/azueoqwypxd21.jpg,1549046021,3,3,21
63,am0ovm,t3_am0ovm,"My friend just got his masters, he thinks he is untouchable, destroy him.",danielid,https://i.redd.it/jk32eiuboxd21.jpg,1549045469,4,4,17
64,am0m5r,t3_am0m5r,"I‚Äôm doing this to entertain a mate, plz roast me",Bronze_Order,https://i.redd.it/1sjdgi74mxd21.jpg,1549044724,3,3,26
65,alzxff,t3_alzxff,My friend thinks he is unroastable. Please don't go easy on him...,LittleBenj,https://i.redd.it/d9ahz7m81xd21.jpg,1549037703,3,3,18
66,alyw4g,t3_alyw4g,I am a 21 year-old college student with a baby face that survived a shooting. My specialty is ruining relationships with people that I have grown attached to. Good luck champs.,nationaltd,https://i.redd.it/83xp1xrg2wd21.jpg,1549028605,3,3,20
67,aly0sk,t3_aly0sk,Sorry for weird angle but put my self esteem into the far negatives,rumithal,https://imgur.com/ipkwB8z,1549022173,3,3,6
68,alxwan,t3_alxwan,one of those nights I just wanna drink and get fucked up *even though Ive never drank before*,toxicfox98,https://i.redd.it/q59e0domovd21.jpg,1549021357,3,3,19
69,alxo4a,t3_alxo4a,"4'11 half Mexican, give it all you got",Coffee_World_,https://i.redd.it/ysbthsc7kvd21.jpg,1549019867,3,3,18
70,alx72z,t3_alx72z,"Been hearing the same insults for years, wreck me, Reddit.",Didelphimoss,https://i.redd.it/uvokm8gpavd21.jpg,1549016674,3,3,14
71,alx423,t3_alx423,Me and work roast me.,MoosetheCanadian,https://i.redd.it/n2p9rv509vd21.jpg,1549016103,3,3,20
72,alws6s,t3_alws6s,Imma suck your toes if you roast me,thecrazyjew,https://i.redd.it/zuljcbom2vd21.jpg,1549013957,3,3,17
73,alwkqq,t3_alwkqq,Try your best. Easy target.,anonnym00se,https://i.redd.it/idztqvjlyud21.jpg,1549012602,3,3,35
74,alw8c3,t3_alw8c3,Roast my lame edgelord friend,collagensoap1312,https://i.redd.it/odo7xaayrud21.jpg,1549010405,3,3,7
75,alw7lg,t3_alw7lg,Bring it you fucks,WillBrackney,https://i.redd.it/y25y15xnrud21.jpg,1549010270,3,3,8
76,alw7cd,t3_alw7cd,My dad,I_GotBanned,https://i.redd.it/pebgrtqfrud21.jpg,1549010229,3,3,19
77,alw5cy,t3_alw5cy,Roast my friend who's quitting uni,ItsFappend,https://i.imgur.com/dgWn9YC.jpg,1549009895,3,3,16
78,alvyqf,t3_alvyqf,This is probably not a good idea...,sashakuzy,https://i.redd.it/p4j9lao9nud21.jpg,1549008790,3,3,10
79,alvv0d,t3_alvv0d,Want to see what people say about her,jkaz96,https://i.redd.it/zjkjogaflud21.jpg,1549008180,3,3,7
80,alvsxc,t3_alvsxc,"Jared was jealous of reagan, and wanted his own post",Cowfighter,https://i.redd.it/guenzli6kud21.jpg,1549007762,3,3,7
81,alvba6,t3_alvba6,A friend took a nice photo and I need someone to confirm I don't look as good as I think I do.,bacondude1505,https://imgur.com/a/cjKtOsr,1549003743,3,3,9
82,alv7gq,t3_alv7gq,Tomorrow is me birthday. I might get fired. Homeschooled college dropout. Make it sting,unfetteredbymemes,https://i.redd.it/hyik3tef6ud21.jpg,1549003128,2,2,38
83,alub2j,t3_alub2j,My friend's life dream is to get roasted.,Hozerific,https://i.redd.it/czdzcya4rtd21.jpg,1548997982,3,3,8
84,alt2w7,t3_alt2w7,Shatter his self confidence,Supawit127,https://i.redd.it/7jw6j2rj6td21.jpg,1548991065,4,4,8
85,alt0ur,t3_alt0ur,Ginger with a sense of humor. Need a good laugh. Have at you!,joee890,https://imgur.com/W0p2Qky,1548990759,3,3,12
86,alsjrl,t3_alsjrl,"Generally unremarkable and bored at work. Make me laugh till I cry, or just cry.",TCAkula,https://imgur.com/zJjzjyd,1548988213,3,3,9
87,als9h3,t3_als9h3,"16/M got dumped this week. Show me why, I'm already as low as I can be.",MariuSShaW,https://i.redd.it/oi17n9hitsd21.jpg,1548986678,3,3,11
88,alryy9,t3_alryy9,My asian friend thinks hes unroastable. Prove him wrong.,nothlninja,https://i.redd.it/x53ch16uosd21.jpg,1548985106,3,3,12
89,alzivv,t3_alzivv,"A 6""1, 16 year old boy. I like purple and long walks on the beach ;) show me whah you got",Giantwisper,https://i.redd.it/9llq1sbtpwd21.jpg,1549033861,2,2,9
90,alyx7x,t3_alyx7x,Murder me with words plz,crazy12157,https://i.redd.it/2r6hskfvawd21.jpg,1549028854,2,2,15
91,alydpo,t3_alydpo,My friend said you guys are soft get him,jaysoofi,https://i.redd.it/jvmys4oqyvd21.jpg,1549024756,2,2,16
92,aly9ib,t3_aly9ib,Can you tell I traced the sign through the paper? Go sicko mode,RadDad221,https://i.redd.it/x34hm4g7wvd21.jpg,1549023906,2,2,6
93,aly78s,t3_aly78s,Been feeling a little too cute lately. At least give me karma while you're roasting me.,Naturia_Penguin,https://i.redd.it/ookh677tuvd21.jpg,1549023434,2,2,32
94,aly0an,t3_aly0an,End him,tatoday8925,https://i.redd.it/43714s2sqvd21.jpg,1549022080,2,2,6
95,alxv9b,t3_alxv9b,Do your worst,jaysoofi,https://i.redd.it/dendwry2ovd21.jpg,1549021171,2,2,17
96,alxcp5,t3_alxcp5,Try to knock my vegetarian ginger friend from his ivory tower.,EricMAnthony,https://i.redd.it/ik3zs1qxdvd21.jpg,1549017759,2,2,6
97,alx22s,t3_alx22s,I'm an amateur baker with no job and I'm almost three years on HRT. Do what you will!,bigshrimpie,https://i.redd.it/3sgi4asv7vd21.jpg,1549015724,4,4,26
98,alww3g,t3_alww3g,Let me have it,TheSleeziestWeeziest,https://i.redd.it/msmfh2np4vd21.jpg,1549014661,2,2,11
99,alwtox,t3_alwtox,"Been workin on the railroad, can‚Äôt derail this beauty",dirtydart,https://i.redd.it/e26ii20h3vd21.jpg,1549014240,2,2,8
100,alwsl9,t3_alwsl9,19/M Overweight and straight out of rehab,AndThusThereWasLight,https://i.redd.it/01rn62qo2vd21.jpg,1549014033,2,2,51
101,alwrik,t3_alwrik,"About to turn 19, very low self esteem. Give me some lovely roasts!",dan523,https://i.redd.it/6bcwo4792vd21.jpg,1549013830,2,2,14
102,alw8l5,t3_alw8l5,Monkey friend wants to be roasted. Everyone let him have it,SwiftNuva77,https://i.redd.it/wqp43zw6sud21.jpg,1549010447,2,2,2
103,alw5vn,t3_alw5vn,Slightly high and just finished an evening workout. Roast me until I cry plz,NameGenerator69,https://i.redd.it/rvyn6x5tqud21.jpg,1549009981,2,2,9
104,alvoh3,t3_alvoh3,Roast this Mexican!,demdpie,https://i.redd.it/iim4mvhjfud21.jpg,1549006201,2,2,8
105,aluvn5,t3_aluvn5,Engineering major. Likes The Amazing Atheist and being a weeb. Be kind to her.,Psychological_Art,https://i.redd.it/z0qmfe2q0ud21.jpg,1549001223,2,2,4
106,alt1r0,t3_alt1r0,"He says he can handle it, prove him wrong.",technically_mirokv,https://i.redd.it/n08n68rn5td21.jpg,1548990896,2,2,6
107,als2lk,t3_als2lk,"[M,16] im unroastable",willcole2002,https://i.redd.it/fq9mbd1gqsd21.jpg,1548985645,2,2,15
108,als27s,t3_als27s,Lower my self esteem to a number that doesn‚Äôt exist,sweatyneckfat,https://i.redd.it/y41g1fu9qsd21.jpg,1548985587,2,2,9
109,alrm8x,t3_alrm8x,He's a 5'6 16 year old Canadian illegal immigrant. Murder him.,retrothrowaway4321,https://i.redd.it/4zaf8n36jsd21.jpg,1548983201,2,2,3
20,am009b,t3_am009b,"16Years old. Unroastable, try your worst.",Justadreamingkid,https://i.redd.it/u40ipkwl3xd21.jpg,1549038503,0,0,50
21,alx6xh,t3_alx6xh,Hate fuels my ego,2X_Is_A_Valid_Answer,https://i.redd.it/o1uv5fhgavd21.jpg,1549016645,1,1,16
22,alx0hw,t3_alx0hw,"Going for that Quicksilver post freshman 500. Aka. ""Slowsilver""",tyscwa,https://i.redd.it/jxsby4m27vd21.jpg,1549015454,1,1,23
23,alx02y,t3_alx02y,College student from third world country,sagcastaneda,https://i.redd.it/q328fmzt6vd21.jpg,1549015374,1,1,12
24,alwz5p,t3_alwz5p,"I turned 20 today. Spoil it for me, guys",randoctober21699,https://i.redd.it/855i5dbe6vd21.jpg,1549015223,1,1,17
25,alwwj6,t3_alwwj6,"It‚Äôs a slow night, please make it worse",chillaxbro2,https://i.redd.it/m8zk288z4vd21.jpg,1549014748,1,1,11
26,alw399,t3_alw399,My brother says I have to do this or he‚Äôs not going to relationship therapy,dcunit3d,https://i.redd.it/f1ke4q1ipud21.jpg,1549009542,1,1,37
27,alw2g7,t3_alw2g7,"Roast me, I probably deserve it",HashBrown831696,https://i.redd.it/gpdy4ryzoud21.jpg,1549009403,1,1,10
28,alvhux,t3_alvhux,My brother told me to try this,clarababylover,https://i.redd.it/iylht9pdbud21.jpg,1549004794,1,1,20
29,alvb16,t3_alvb16,[19M] yes. i was the chad that did your mom's math hw back in 1969,skrv100,https://imgur.com/a/ZbwiIkE,1549003698,1,1,6
30,alv26x,t3_alv26x,It's WAY too cold outside. Be a hero and roast me!,Mister_Bossmen,https://i.imgur.com/OguLype.jpg,1549002271,1,1,1
31,aluyji,t3_aluyji,"Having a pretty bad day. Could be worse though, so let me see what you got.",titaniumcorn989,https://i.redd.it/1pu7q5v42ud21.jpg,1549001683,1,1,2
32,aluoz9,t3_aluoz9,"College quarterback, ladies man and gentleman. Roast me ffs!",axeloh,https://i.redd.it/p07pkhljxtd21.jpg,1549000202,1,1,11
33,alu8d5,t3_alu8d5,White male engineer who‚Äôs smarter than you,Wolf9455,https://i.redd.it/5mt9pjcxptd21.jpg,1548997578,2,2,22
34,altgpk,t3_altgpk,"He has a twin who is in resource, roast tf outta him",bolero628,https://i.redd.it/43mgutj7dtd21.jpg,1548993303,1,1,23
35,altdn0,t3_altdn0,"I‚Äôm already miserable, waste me",Arisal1122,https://i.redd.it/pmtsdiwrbtd21.jpg,1548992819,1,1,5
36,alt8c8,t3_alt8c8,Unroastable. Try.,Mean_Car,https://i.redd.it/2f75196z8td21.jpg,1548991907,1,1,10
37,alsha3,t3_alsha3,My friend think he is hot. You know what you have to do.,etto3,https://i.redd.it/s5j2k1cwwsd21.jpg,1548987831,1,1,8
38,als62f,t3_als62f,frozen midwest ginger hit me with ur best shot,iNovarc,https://i.redd.it/z80kxn30ssd21.jpg,1548986168,1,1,4
39,als5cw,t3_als5cw,We are so fast to point out our own flaws. Curious to know what others have to say on here...,kendalkjd,https://i.imgur.com/SBuVNPf.jpg,1548986069,1,1,11
40,alr8z6,t3_alr8z6,It's my birthday day. Ruin it for me,bryan4000,https://i.redd.it/gulg3yq6dsd21.jpg,1548981187,1,1,36
41,am05ay,t3_am05ay,"CS student, welder, 22yo. Game on!",nedoUltron,https://i.redd.it/e7mxn9bz7xd21.jpg,1549039974,0,0,20
42,alwy4k,t3_alwy4k,"My loner web friend, do your worst",Communistic-Comrade,https://i.redd.it/vssg0a1v5vd21.jpg,1549015043,0,0,8
43,alwxtr,t3_alwxtr,Haven't had my daily dose of internet bullying yet.,sayyidadawg,https://i.redd.it/91btb4jo5vd21.jpg,1549014984,0,0,1
44,aluklf,t3_aluklf,30 year old and his best friend,Few_Sprinkles,https://i.imgur.com/CikUgi5.jpg,1548999514,0,0,2
45,aluiqt,t3_aluiqt,"My glasses are crooked, please destroy me.",RealRaven700,https://i.redd.it/a5ktlgksutd21.jpg,1548999214,0,0,6
46,alua4b,t3_alua4b,A saudi arabian dentist .... please destroy him.,EmperorSultan,https://i.redd.it/qwwp1l5mqtd21.jpg,1548997834,0,0,12
47,altc90,t3_altc90,A 17 year old looking to be roasted harder than life already is,The_humanoid,https://i.redd.it/en3h2kj3btd21.jpg,1548992598,0,0,2
48,als04w,t3_als04w,"37yo Dad of 4 girls, couldn't put it deep enough for a boy! Roast Me!",CanadianGamer001,https://imgur.com/FEEkmOe.jpg,1548985283,0,0,16
49,alv6h5,t3_alv6h5,"21, sick and depressed af. Give me your best shot. I'm way too easily broken.",vulcantanymore,https://i.redd.it/ycugzupw5ud21.jpg,1549002961,0,0,49
